20,100
20.02,97
20.04,82
20.06,123
20.08,90
20.1,88
20.12,93
20.14,113
20.16,130
20.18,85
20.2,92
20.22,98
20.24,87
20.26,85
20.28,93
20.3,92
20.32,77
20.34,102
20.36,90
20.38,98
20.4,78
20.42,85
20.44,90
20.46,110
20.48,70
20.5,95
20.52,87
20.54,87
20.56,127
20.58,102
20.6,88
20.62,102
20.64,97
20.66,103
20.68,120
20.7,95
20.72,110
20.74,100
20.76,95
20.78,90
20.8,85
20.82,87
20.84,102
20.86,77
20.88,80
20.9,93
20.92,95
20.94,105
20.96,107
20.98,123
21,93
21.02,93
21.04,67
21.06,78
21.08,87
21.1,78
21.12,75
21.14,78
21.16,92
21.18,98
21.2,93
21.22,98
21.24,100
21.26,103
21.28,90
21.3,93
21.32,103
21.34,100
21.36,93
21.38,93
21.4,103
21.42,120
21.44,90
21.46,87
21.48,85
21.5,90
21.52,85
21.54,87
21.56,93
21.58,85
21.6,97
21.62,100
21.64,93
21.66,82
21.68,102
21.7,118
21.72,78
21.74,102
21.76,100
21.78,80
21.8,113
21.82,88
21.84,78
21.86,103
21.88,107
21.9,75
21.92,102
21.94,85
21.96,83
21.98,102
22,80
22.02,98
22.04,85
22.06,97
22.08,95
22.1,105
22.12,123
22.14,113
22.16,92
22.18,102
22.2,98
22.22,92
22.24,85
22.26,108
22.28,108
22.3,78
22.32,113
22.34,92
22.36,93
22.38,107
22.4,115
22.42,105
22.44,117
22.46,110
22.48,103
22.5,103
22.52,100
22.54,97
22.56,83
22.58,102
22.6,112
22.62,100
22.64,87
22.66,92
22.68,100
22.7,113
22.72,80
22.74,110
22.76,87
22.78,122
22.8,113
22.82,92
22.84,63
22.86,102
22.88,107
22.9,108
22.92,100
22.94,117
22.96,108
22.98,87
23,88
23.02,103
23.04,98
23.06,85
23.08,97
23.1,92
23.12,110
23.14,113
23.16,90
23.18,87
23.2,87
23.22,102
23.24,88
23.26,100
23.28,80
23.3,108
23.32,103
23.34,103
23.36,87
23.38,105
23.4,87
23.42,90
23.44,100
23.46,90
23.48,92
23.5,90
23.52,83
23.54,77
23.56,87
23.58,95
23.6,107
23.62,88
23.64,108
23.66,93
23.68,95
23.7,98
23.72,73
23.74,95
23.76,107
23.78,95
23.8,88
23.82,108
23.84,95
23.86,108
23.88,83
23.9,75
23.92,92
23.94,92
23.96,83
23.98,105
24,107
24.02,78
24.04,97
24.06,120
24.08,112
24.1,105
24.12,98
24.14,78
24.16,95
24.18,83
24.2,98
24.22,107
24.24,95
24.26,117
24.28,97
24.3,87
24.32,98
24.34,98
24.36,110
24.38,102
24.4,92
24.42,93
24.44,92
24.46,97
24.48,82
24.5,117
24.52,93
24.54,95
24.56,85
24.58,73
24.6,80
24.62,75
24.64,82
24.66,102
24.68,90
24.7,115
24.72,87
24.74,82
24.76,77
24.78,100
24.8,118
24.82,78
24.84,92
24.86,83
24.88,88
24.9,98
24.92,87
24.94,90
24.96,103
24.98,102
25,87
25.02,92
25.04,118
25.06,115
25.08,80
25.1,97
25.12,75
25.14,77
25.16,80
25.18,72
25.2,93
25.22,82
25.24,73
25.26,87
25.28,103
25.3,100
25.32,78
25.34,93
25.36,68
25.38,92
25.4,102
25.42,92
25.44,90
25.46,113
25.48,100
25.5,85
25.52,102
25.54,68
25.56,77
25.58,95
25.6,97
25.62,82
25.64,122
25.66,112
25.68,82
25.7,95
25.72,75
25.74,100
25.76,85
25.78,73
25.8,97
25.82,90
25.84,92
25.86,107
25.88,105
25.9,90
25.92,75
25.94,100
25.96,93
25.98,90
26,92
26.02,98
26.04,110
26.06,88
26.08,107
26.1,110
26.12,90
26.14,113
26.16,75
26.18,88
26.2,92
26.22,80
26.24,77
26.26,73
26.28,112
26.3,123
26.32,107
26.34,107
26.36,132
26.38,103
26.4,63
26.42,87
26.44,83
26.46,100
26.48,93
26.5,83
26.52,97
26.54,102
26.56,88
26.58,85
26.6,78
26.62,92
26.64,100
26.66,97
26.68,83
26.7,107
26.72,102
26.74,103
26.76,87
26.78,73
26.8,70
26.82,75
26.84,70
26.86,93
26.88,82
26.9,95
26.92,83
26.94,107
26.96,82
26.98,98
27,90
27.02,112
27.04,107
27.06,108
27.08,90
27.1,75
27.12,73
27.14,97
27.16,87
27.18,82
27.2,117
27.22,100
27.24,80
27.26,85
27.28,90
27.3,100
27.32,102
27.34,92
27.36,108
27.38,70
27.4,63
27.42,92
27.44,75
27.46,85
27.48,72
27.5,78
27.52,75
27.54,77
27.56,88
27.58,85
27.6,77
27.62,73
27.64,95
27.66,93
27.68,73
27.7,97
27.72,87
27.74,103
27.76,90
27.78,67
27.8,85
27.82,97
27.84,82
27.86,82
27.88,72
27.9,108
27.92,100
27.94,125
27.96,90
27.98,92
28,88
28.02,92
28.04,80
28.06,77
28.08,85
28.1,77
28.12,70
28.14,88
28.16,85
28.18,77
28.2,67
28.22,95
28.24,97
28.26,90
28.28,75
28.3,85
28.32,100
28.34,68
28.36,95
28.38,93
28.4,67
28.42,90
28.44,95
28.46,95
28.48,78
28.5,88
28.52,82
28.54,82
28.56,73
28.58,82
28.6,95
28.62,58
28.64,75
28.66,93
28.68,115
28.7,83
28.72,97
28.74,70
28.76,85
28.78,103
28.8,78
28.82,82
28.84,98
28.86,93
28.88,82
28.9,100
28.92,78
28.94,72
28.96,82
28.98,82
29,75
29.02,80
29.04,98
29.06,88
29.08,105
29.1,78
29.12,77
29.14,122
29.16,82
29.18,95
29.2,92
29.22,85
29.24,80
29.26,105
29.28,90
29.3,83
29.32,82
29.34,78
29.36,73
29.38,75
29.4,72
29.42,68
29.44,107
29.46,87
29.48,93
29.5,82
29.52,97
29.54,102
29.56,80
29.58,97
29.6,70
29.62,75
29.64,88
29.66,110
29.68,93
29.7,83
29.72,92
29.74,68
29.76,115
29.78,92
29.8,95
29.82,115
29.84,95
29.86,82
29.88,70
29.9,55
29.92,78
29.94,83
29.96,87
29.98,105
30,97
30.02,93
30.04,67
30.06,85
30.08,110
30.1,82
30.12,88
30.14,75
30.16,75
30.18,77
30.2,93
30.22,68
30.24,85
30.26,68
30.28,62
30.3,52
30.32,73
30.34,102
30.36,65
30.38,98
30.4,78
30.42,95
30.44,73
30.46,75
30.48,82
30.5,95
30.52,90
30.54,100
30.56,83
30.58,80
30.6,88
30.62,77
30.64,80
30.66,85
30.68,77
30.7,103
30.72,83
30.74,83
30.76,78
30.78,105
30.8,103
30.82,103
30.84,92
30.86,85
30.88,73
30.9,85
30.92,82
30.94,80
30.96,80
30.98,88
31,97
31.02,87
31.04,87
31.06,78
31.08,85
31.1,73
31.12,82
31.14,75
31.16,75
31.18,73
31.2,87
31.22,75
31.24,77
31.26,93
31.28,85
31.3,103
31.32,88
31.34,102
31.36,85
31.38,110
31.4,97
31.42,88
31.44,85
31.46,103
31.48,83
31.5,98
31.52,93
31.54,72
31.56,93
31.58,88
31.6,85
31.62,93
31.64,107
31.66,95
31.68,107
31.7,95
31.72,88
31.74,82
31.76,77
31.78,78
31.8,90
31.82,93
31.84,78
31.86,85
31.88,90
31.9,70
31.92,77
31.94,98
31.96,92
31.98,98
32,78
32.02,90
32.04,88
32.06,85
32.08,88
32.1,95
32.12,87
32.14,100
32.16,50
32.18,75
32.2,105
32.22,90
32.24,87
32.26,118
32.28,103
32.3,90
32.32,90
32.34,82
32.36,102
32.38,72
32.4,83
32.42,87
32.44,107
32.46,82
32.48,82
32.5,92
32.52,87
32.54,65
32.56,95
32.58,82
32.6,88
32.62,97
32.64,57
32.66,88
32.68,75
32.7,90
32.72,75
32.74,88
32.76,67
32.78,105
32.8,73
32.82,80
32.84,90
32.86,93
32.88,75
32.9,93
32.92,65
32.94,83
32.96,85
32.98,73
33,88
33.02,85
33.04,105
33.06,72
33.08,78
33.1,67
33.12,110
33.14,100
33.16,95
33.18,68
33.2,90
33.22,103
33.24,72
33.26,83
33.28,87
33.3,100
33.32,102
33.34,107
33.36,87
33.38,85
33.4,98
33.42,93
33.44,85
33.46,93
33.48,83
33.5,85
33.52,98
33.54,82
33.56,98
33.58,103
33.6,63
33.62,80
33.64,65
33.66,100
33.68,67
33.7,97
33.72,97
33.74,88
33.76,63
33.78,85
33.8,97
33.82,87
33.84,82
33.86,90
33.88,88
33.9,102
33.92,93
33.94,95
33.96,87
33.98,95
34,85
34.02,95
34.04,83
34.06,97
34.08,83
34.1,80
34.12,77
34.14,108
34.16,88
34.18,87
34.2,103
34.22,93
34.24,85
34.26,102
34.28,93
34.3,73
34.32,82
34.34,115
34.36,87
34.38,100
34.4,103
34.42,85
34.44,100
34.46,93
34.48,73
34.5,82
34.52,73
34.54,77
34.56,103
34.58,87
34.6,90
34.62,88
34.64,92
34.66,92
34.68,87
34.7,93
34.72,102
34.74,77
34.76,80
34.78,75
34.8,107
34.82,83
34.84,98
34.86,80
34.88,100
34.9,78
34.92,78
34.94,102
34.96,90
34.98,100
35,108
35.02,103
35.04,137
35.06,138
35.08,135
35.1,170
35.12,198
35.14,210
35.16,250
35.18,313
35.2,332
35.22,422
35.24,422
35.26,530
35.28,512
35.3,463
35.32,437
35.34,447
35.36,325
35.38,285
35.4,223
35.42,185
35.44,145
35.46,140
35.48,110
35.5,122
35.52,122
35.54,108
35.56,102
35.58,83
35.6,118
35.62,105
35.64,78
35.66,98
35.68,98
35.7,98
35.72,112
35.74,88
35.76,98
35.78,90
35.8,100
35.82,73
35.84,95
35.86,87
35.88,85
35.9,77
35.92,90
35.94,88
35.96,88
35.98,88
36,70
36.02,88
36.04,70
36.06,83
36.08,98
36.1,97
36.12,88
36.14,77
36.16,88
36.18,82
36.2,120
36.22,95
36.24,93
36.26,95
36.28,75
36.3,95
36.32,100
36.34,103
36.36,105
36.38,102
36.4,87
36.42,93
36.44,98
36.46,78
36.48,87
36.5,63
36.52,73
36.54,73
36.56,98
36.58,95
36.6,92
36.62,98
36.64,110
36.66,88
36.68,82
36.7,92
36.72,97
36.74,110
36.76,105
36.78,102
36.8,85
36.82,75
36.84,118
36.86,87
36.88,83
36.9,87
36.92,88
36.94,100
36.96,95
36.98,90
37,100
37.02,102
37.04,112
37.06,127
37.08,100
37.1,150
37.12,130
37.14,125
37.16,123
37.18,135
37.2,75
37.22,108
37.24,110
37.26,108
37.28,93
37.3,85
37.32,100
37.34,83
37.36,82
37.38,78
37.4,92
37.42,77
37.44,68
37.46,93
37.48,102
37.5,82
37.52,72
37.54,93
37.56,127
37.58,82
37.6,85
37.62,95
37.64,88
37.66,73
37.68,80
37.7,83
37.72,72
37.74,87
37.76,102
37.78,90
37.8,77
37.82,110
37.84,105
37.86,80
37.88,87
37.9,72
37.92,80
37.94,68
37.96,125
37.98,83
38,88
38.02,70
38.04,95
38.06,95
38.08,80
38.1,75
38.12,85
38.14,73
38.16,108
38.18,82
38.2,102
38.22,102
38.24,102
38.26,103
38.28,100
38.3,70
38.32,103
38.34,73
38.36,102
38.38,112
38.4,75
38.42,95
38.44,88
38.46,83
38.48,77
38.5,85
38.52,105
38.54,92
38.56,108
38.58,82
38.6,102
38.62,83
38.64,87
38.66,90
38.68,90
38.7,103
38.72,103
38.74,95
38.76,83
38.78,78
38.8,75
38.82,97
38.84,75
38.86,75
38.88,87
38.9,93
38.92,70
38.94,87
38.96,83
38.98,115
39,93
39.02,80
39.04,95
39.06,82
39.08,80
39.1,103
39.12,78
39.14,87
39.16,97
39.18,80
39.2,88
39.22,93
39.24,92
39.26,83
39.28,80
39.3,107
39.32,83
39.34,77
39.36,95
39.38,85
39.4,82
39.42,97
39.44,78
39.46,87
39.48,100
39.5,102
39.52,97
39.54,103
39.56,80
39.58,92
39.6,103
39.62,77
39.64,85
39.66,77
39.68,100
39.7,72
39.72,90
39.74,105
39.76,88
39.78,97
39.8,103
39.82,105
39.84,108
39.86,80
39.88,105
39.9,100
39.92,78
39.94,97
39.96,125
39.98,77
40,117
40.02,102
40.04,117
40.06,92
40.08,122
40.1,93
40.12,87
40.14,108
40.16,112
40.18,105
40.2,85
40.22,95
40.24,127
40.26,105
40.28,83
40.3,103
40.32,113
40.34,143
40.36,117
40.38,108
40.4,125
40.42,160
40.44,140
40.46,160
40.48,142
40.5,160
40.52,230
40.54,193
40.56,227
40.58,248
40.6,357
40.62,310
40.64,412
40.66,520
40.68,513
40.7,662
40.72,855
40.74,1158
40.76,1360
40.78,1978
40.8,2828
40.82,3772
40.84,4807
40.86,5730
40.88,6565
40.9,6945
40.92,6740
40.94,6130
40.96,5227
40.98,4223
41,3150
41.02,2173
41.04,1523
41.06,1088
41.08,793
41.1,443
41.12,447
41.14,310
41.16,285
41.18,293
41.2,257
41.22,198
41.24,192
41.26,178
41.28,165
41.3,162
41.32,148
41.34,128
41.36,165
41.38,145
41.4,153
41.42,125
41.44,135
41.46,145
41.48,140
41.5,102
41.52,158
41.54,113
41.56,118
41.58,115
41.6,125
41.62,90
41.64,122
41.66,127
41.68,113
41.7,117
41.72,120
41.74,77
41.76,112
41.78,115
41.8,102
41.82,130
41.84,125
41.86,105
41.88,83
41.9,100
41.92,100
41.94,85
41.96,108
41.98,112
42,110
42.02,117
42.04,92
42.06,113
42.08,115
42.1,103
42.12,108
42.14,122
42.16,113
42.18,127
42.2,110
42.22,88
42.24,105
42.26,95
42.28,90
42.3,93
42.32,108
42.34,103
42.36,127
42.38,118
42.4,92
42.42,107
42.44,95
42.46,122
42.48,103
42.5,100
42.52,110
42.54,80
42.56,138
42.58,117
42.6,93
42.62,123
42.64,98
42.66,70
42.68,87
42.7,105
42.72,123
42.74,113
42.76,105
42.78,95
42.8,102
42.82,120
42.84,107
42.86,92
42.88,118
42.9,100
42.92,112
42.94,85
42.96,97
42.98,100
43,100
43.02,103
43.04,77
43.06,105
43.08,87
43.1,117
43.12,120
43.14,72
43.16,113
43.18,100
43.2,98
43.22,103
43.24,100
43.26,118
43.28,75
43.3,117
43.32,88
43.34,83
43.36,92
43.38,107
43.4,108
43.42,108
43.44,118
43.46,95
43.48,125
43.5,98
43.52,75
43.54,92
43.56,112
43.58,82
43.6,72
43.62,87
43.64,97
43.66,122
43.68,88
43.7,95
43.72,105
43.74,93
43.76,108
43.78,85
43.8,100
43.82,103
43.84,112
43.86,102
43.88,108
43.9,95
43.92,82
43.94,128
43.96,88
43.98,85
44,112
44.02,102
44.04,120
44.06,83
44.08,83
44.1,117
44.12,93
44.14,112
44.16,87
44.18,100
44.2,85
44.22,98
44.24,73
44.26,83
44.28,85
44.3,120
44.32,87
44.34,105
44.36,93
44.38,108
44.4,108
44.42,108
44.44,90
44.46,90
44.48,107
44.5,118
44.52,128
44.54,97
44.56,110
44.58,107
44.6,90
44.62,82
44.64,117
44.66,82
44.68,103
44.7,108
44.72,93
44.74,87
44.76,115
44.78,98
44.8,90
44.82,107
44.84,100
44.86,110
44.88,87
44.9,97
44.92,87
44.94,82
44.96,83
44.98,67
45,95
45.02,113
45.04,92
45.06,105
45.08,103
45.1,117
45.12,78
45.14,102
45.16,98
45.18,87
45.2,80
45.22,85
45.24,108
45.26,90
45.28,97
45.3,108
45.32,100
45.34,93
45.36,73
45.38,112
45.4,92
45.42,88
45.44,105
45.46,77
45.48,97
45.5,90
45.52,103
45.54,100
45.56,112
45.58,70
45.6,83
45.62,85
45.64,88
45.66,90
45.68,78
45.7,103
45.72,108
45.74,102
45.76,105
45.78,107
45.8,92
45.82,85
45.84,102
45.86,92
45.88,90
45.9,73
45.92,102
45.94,97
45.96,98
45.98,97
46,100
46.02,95
46.04,85
46.06,103
46.08,108
46.1,93
46.12,82
46.14,93
46.16,117
46.18,98
46.2,92
46.22,72
46.24,80
46.26,105
46.28,88
46.3,87
46.32,100
46.34,95
46.36,80
46.38,90
46.4,97
46.42,77
46.44,72
46.46,110
46.48,93
46.5,100
46.52,92
46.54,98
46.56,82
46.58,88
46.6,98
46.62,100
46.64,82
46.66,97
46.68,95
46.7,85
46.72,88
46.74,95
46.76,100
46.78,93
46.8,102
46.82,90
46.84,98
46.86,103
46.88,102
46.9,83
46.92,100
46.94,97
46.96,97
46.98,90
47,87
47.02,95
47.04,92
47.06,88
47.08,110
47.1,103
47.12,87
47.14,88
47.16,100
47.18,107
47.2,105
47.22,90
47.24,102
47.26,72
47.28,87
47.3,92
47.32,105
47.34,68
47.36,102
47.38,95
47.4,83
47.42,78
47.44,68
47.46,80
47.48,100
47.5,90
47.52,83
47.54,78
47.56,105
47.58,97
47.6,78
47.62,98
47.64,95
47.66,83
47.68,100
47.7,87
47.72,107
47.74,87
47.76,90
47.78,103
47.8,107
47.82,100
47.84,85
47.86,60
47.88,83
47.9,92
47.92,83
47.94,92
47.96,73
47.98,77
48,95
48.02,83
48.04,100
48.06,107
48.08,125
48.1,102
48.12,95
48.14,78
48.16,103
48.18,95
48.2,82
48.22,87
48.24,102
48.26,95
48.28,123
48.3,100
48.32,78
48.34,122
48.36,108
48.38,110
48.4,107
48.42,83
48.44,95
48.46,78
48.48,115
48.5,113
48.52,85
48.54,90
48.56,108
48.58,97
48.6,103
48.62,108
48.64,87
48.66,90
48.68,72
48.7,97
48.72,85
48.74,88
48.76,73
48.78,82
48.8,92
48.82,73
48.84,100
48.86,98
48.88,112
48.9,80
48.92,117
48.94,83
48.96,90
48.98,95
49,80
49.02,110
49.04,100
49.06,97
49.08,95
49.1,87
49.12,82
49.14,87
49.16,78
49.18,88
49.2,77
49.22,90
49.24,88
49.26,100
49.28,90
49.3,87
49.32,90
49.34,95
49.36,83
49.38,108
49.4,102
49.42,77
49.44,92
49.46,105
49.48,97
49.5,78
49.52,88
49.54,100
49.56,98
49.58,53
49.6,65
49.62,112
49.64,103
49.66,83
49.68,87
49.7,108
49.72,92
49.74,85
49.76,83
49.78,93
49.8,85
49.82,95
49.84,85
49.86,75
49.88,77
49.9,93
49.92,93
49.94,97
49.96,92
49.98,103
50,82
50.02,105
50.04,82
50.06,93
50.08,85
50.1,103
50.12,97
50.14,105
50.16,70
50.18,88
50.2,92
50.22,87
50.24,87
50.26,98
50.28,95
50.3,97
50.32,75
50.34,88
50.36,83
50.38,93
50.4,107
50.42,78
50.44,98
50.46,82
50.48,68
50.5,90
50.52,102
50.54,95
50.56,95
50.58,92
50.6,110
50.62,93
50.64,98
50.66,75
50.68,78
50.7,87
50.72,107
50.74,80
50.76,100
50.78,107
50.8,122
50.82,98
50.84,95
50.86,78
50.88,83
50.9,92
50.92,103
50.94,85
50.96,97
50.98,87
51,97
51.02,103
51.04,93
51.06,73
51.08,112
51.1,103
51.12,93
51.14,92
51.16,88
51.18,80
51.2,77
51.22,78
51.24,90
51.26,83
51.28,125
51.3,57
51.32,93
51.34,87
51.36,98
51.38,77
51.4,88
51.42,92
51.44,87
51.46,88
51.48,90
51.5,95
51.52,100
51.54,77
51.56,125
51.58,80
51.6,88
51.62,58
51.64,75
51.66,92
51.68,83
51.7,113
51.72,67
51.74,97
51.76,70
51.78,92
51.8,95
51.82,115
51.84,87
51.86,103
51.88,82
51.9,105
51.92,113
51.94,102
51.96,90
51.98,93
52,93
52.02,87
52.04,95
52.06,88
52.08,122
52.1,100
52.12,88
52.14,80
52.16,82
52.18,93
52.2,90
52.22,100
52.24,108
52.26,100
52.28,110
52.3,97
52.32,98
52.34,90
52.36,93
52.38,110
52.4,92
52.42,102
52.44,100
52.46,112
52.48,93
52.5,100
52.52,95
52.54,85
52.56,90
52.58,102
52.6,82
52.62,75
52.64,83
52.66,97
52.68,102
52.7,62
52.72,113
52.74,83
52.76,107
52.78,88
52.8,65
52.82,108
52.84,95
52.86,103
52.88,97
52.9,87
52.92,108
52.94,88
52.96,103
52.98,80
53,110
53.02,85
53.04,100
53.06,90
53.08,93
53.1,95
53.12,77
53.14,107
53.16,103
53.18,113
53.2,118
53.22,82
53.24,112
53.26,118
53.28,130
53.3,98
53.32,85
53.34,107
53.36,85
53.38,100
53.4,112
53.42,118
53.44,118
53.46,77
53.48,110
53.5,113
53.52,100
53.54,118
53.56,77
53.58,115
53.6,97
53.62,85
53.64,98
53.66,98
53.68,113
53.7,108
53.72,102
53.74,85
53.76,117
53.78,93
53.8,90
53.82,97
53.84,100
53.86,115
53.88,105
53.9,98
53.92,72
53.94,82
53.96,90
53.98,92
54,95
54.02,92
54.04,105
54.06,90
54.08,98
54.1,92
54.12,85
54.14,100
54.16,97
54.18,75
54.2,115
54.22,68
54.24,113
54.26,77
54.28,77
54.3,133
54.32,100
54.34,90
54.36,82
54.38,63
54.4,113
54.42,80
54.44,93
54.46,105
54.48,92
54.5,110
54.52,82
54.54,88
54.56,113
54.58,85
54.6,93
54.62,95
54.64,102
54.66,87
54.68,95
54.7,92
54.72,85
54.74,83
54.76,98
54.78,88
54.8,117
54.82,95
54.84,90
54.86,92
54.88,100
54.9,122
54.92,85
54.94,102
54.96,92
54.98,102
55,98
55.02,100
55.04,112
55.06,120
55.08,65
55.1,90
55.12,78
55.14,113
55.16,105
55.18,72
55.2,92
55.22,92
55.24,75
55.26,122
55.28,75
55.3,73
55.32,87
55.34,113
55.36,103
55.38,85
55.4,90
55.42,105
55.44,95
55.46,100
55.48,83
55.5,90
55.52,88
55.54,118
55.56,95
55.58,108
55.6,87
55.62,100
55.64,103
55.66,103
55.68,77
55.7,108
55.72,95
55.74,102
55.76,115
55.78,103
55.8,98
55.82,113
55.84,92
55.86,97
55.88,100
55.9,77
55.92,93
55.94,107
55.96,85
55.98,77
56,95
56.02,112
56.04,100
56.06,88
56.08,75
56.1,112
56.12,100
56.14,105
56.16,72
56.18,93
56.2,78
56.22,83
56.24,82
56.26,98
56.28,113
56.3,123
56.32,78
56.34,82
56.36,87
56.38,92
56.4,98
56.42,90
56.44,122
56.46,112
56.48,83
56.5,78
56.52,93
56.54,113
56.56,90
56.58,92
56.6,97
56.62,97
56.64,90
56.66,88
56.68,120
56.7,90
56.72,95
56.74,78
56.76,107
56.78,107
56.8,108
56.82,113
56.84,83
56.86,83
56.88,110
56.9,87
56.92,103
56.94,70
56.96,97
56.98,102
57,97
57.02,93
57.04,112
57.06,98
57.08,98
57.1,93
57.12,110
57.14,108
57.16,73
57.18,80
57.2,87
57.22,95
57.24,117
57.26,100
57.28,72
57.3,78
57.32,128
57.34,73
57.36,82
57.38,88
57.4,95
57.42,103
57.44,97
57.46,115
57.48,83
57.5,83
57.52,103
57.54,98
57.56,82
57.58,107
57.6,92
57.62,113
57.64,73
57.66,87
57.68,100
57.7,85
57.72,103
57.74,78
57.76,113
57.78,100
57.8,108
57.82,107
57.84,100
57.86,92
57.88,108
57.9,83
57.92,115
57.94,113
57.96,113
57.98,80
58,117
58.02,103
58.04,105
58.06,85
58.08,105
58.1,85
58.12,107
58.14,112
58.16,105
58.18,88
58.2,85
58.22,108
58.24,110
58.26,130
58.28,113
58.3,117
58.32,108
58.34,118
58.36,122
58.38,93
58.4,127
58.42,120
58.44,150
58.46,102
58.48,135
58.5,115
58.52,120
58.54,155
58.56,148
58.58,142
58.6,152
58.62,137
58.64,172
58.66,222
58.68,198
58.7,203
58.72,225
58.74,218
58.76,257
58.78,285
58.8,338
58.82,350
58.84,405
58.86,473
58.88,590
58.9,713
58.92,885
58.94,1050
58.96,1140
58.98,1368
59,1598
59.02,1620
59.04,1755
59.06,1727
59.08,1865
59.1,1755
59.12,1432
59.14,1362
59.16,1217
59.18,1097
59.2,887
59.22,748
59.24,687
59.26,537
59.28,448
59.3,393
59.32,338
59.34,293
59.36,273
59.38,238
59.4,215
59.42,177
59.44,165
59.46,183
59.48,132
59.5,168
59.52,118
59.54,157
59.56,125
59.58,110
59.6,140
59.62,112
59.64,147
59.66,143
59.68,110
59.7,105
59.72,118
59.74,105
59.76,113
59.78,93
59.8,132
59.82,113
59.84,120
59.86,117
59.88,103
59.9,113
59.92,123
59.94,147
59.96,115
59.98,123
60,123
60.02,93
60.04,90
60.06,88
60.08,117
60.1,105
60.12,110
60.14,103
60.16,105
60.18,105
60.2,102
60.22,88
60.24,122
60.26,98
60.28,105
60.3,98
60.32,113
60.34,100
60.36,105
60.38,83
60.4,100
60.42,85
60.44,108
60.46,112
60.48,102
60.5,77
60.52,117
60.54,105
60.56,95
60.58,77
60.6,97
60.62,95
60.64,92
60.66,100
60.68,78
60.7,95
60.72,107
60.74,110
60.76,78
60.78,93
60.8,67
60.82,65
60.84,107
60.86,108
60.88,92
60.9,108
60.92,110
60.94,107
60.96,83
60.98,122
61,115
61.02,95
61.04,95
61.06,113
61.08,72
61.1,95
61.12,100
61.14,110
61.16,102
61.18,97
61.2,100
61.22,105
61.24,83
61.26,133
61.28,112
61.3,100
61.32,87
61.34,100
61.36,93
61.38,98
61.4,75
61.42,97
61.44,110
61.46,108
61.48,87
61.5,110
61.52,98
61.54,130
61.56,85
61.58,100
61.6,98
61.62,128
61.64,123
61.66,107
61.68,105
61.7,117
61.72,107
61.74,83
61.76,93
61.78,105
61.8,115
61.82,85
61.84,110
61.86,90
61.88,108
61.9,100
61.92,122
61.94,87
61.96,108
61.98,90
62,98
62.02,110
62.04,93
62.06,115
62.08,98
62.1,115
62.12,82
62.14,98
62.16,93
62.18,97
62.2,90
62.22,103
62.24,107
62.26,73
62.28,88
62.3,87
62.32,90
62.34,77
62.36,82
62.38,90
62.4,85
62.42,120
62.44,108
62.46,88
62.48,93
62.5,95
62.52,97
62.54,113
62.56,83
62.58,93
62.6,100
62.62,102
62.64,107
62.66,95
62.68,85
62.7,115
62.72,70
62.74,98
62.76,112
62.78,98
62.8,105
62.82,125
62.84,113
62.86,80
62.88,93
62.9,103
62.92,83
62.94,105
62.96,97
62.98,123
63,90
63.02,85
63.04,113
63.06,102
63.08,75
63.1,107
63.12,97
63.14,92
63.16,97
63.18,73
63.2,102
63.22,90
63.24,125
63.26,107
63.28,93
63.3,98
63.32,87
63.34,113
63.36,88
63.38,112
63.4,97
63.42,87
63.44,108
63.46,108
63.48,122
63.5,123
63.52,85
63.54,125
63.56,120
63.58,107
63.6,93
63.62,78
63.64,102
63.66,100
63.68,117
63.7,78
63.72,110
63.74,97
63.76,113
63.78,77
63.8,98
63.82,92
63.84,95
63.86,107
63.88,110
63.9,92
63.92,123
63.94,103
63.96,115
63.98,123
64,107
64.02,107
64.04,110
64.06,82
64.08,115
64.1,80
64.12,82
64.14,77
64.16,82
64.18,90
64.2,90
64.22,100
64.24,102
64.26,83
64.28,122
64.3,108
64.32,93
64.34,95
64.36,87
64.38,83
64.4,110
64.42,102
64.44,115
64.46,97
64.48,118
64.5,112
64.52,93
64.54,110
64.56,110
64.58,128
64.6,103
64.62,72
64.64,115
64.66,93
64.68,97
64.7,92
64.72,92
64.74,113
64.76,93
64.78,87
64.8,117
64.82,105
64.84,65
64.86,95
64.88,132
64.9,103
64.92,95
64.94,95
64.96,102
64.98,103
65,85
65.02,98
65.04,115
65.06,115
65.08,92
65.1,95
65.12,98
65.14,72
65.16,100
65.18,113
65.2,97
65.22,78
65.24,103
65.26,92
65.28,113
65.3,87
65.32,93
65.34,85
65.36,93
65.38,90
65.4,105
65.42,80
65.44,83
65.46,93
65.48,118
65.5,80
65.52,120
65.54,88
65.56,113
65.58,120
65.6,93
65.62,108
65.64,107
65.66,125
65.68,127
65.7,102
65.72,90
65.74,115
65.76,97
65.78,128
65.8,113
65.82,102
65.84,95
65.86,95
65.88,87
65.9,110
65.92,83
65.94,92
65.96,137
65.98,112
66,113
66.02,73
66.04,97
66.06,117
66.08,113
66.1,87
66.12,87
66.14,75
66.16,88
66.18,115
66.2,78
66.22,108
66.24,122
66.26,70
66.28,113
66.3,92
66.32,90
66.34,130
66.36,98
66.38,83
66.4,97
66.42,115
66.44,117
66.46,90
66.48,103
66.5,82
66.52,107
66.54,93
66.56,98
66.58,103
66.6,95
66.62,88
66.64,128
66.66,107
66.68,88
66.7,103
66.72,102
66.74,108
66.76,97
66.78,112
66.8,77
66.82,112
66.84,98
66.86,97
66.88,85
66.9,97
66.92,108
66.94,108
66.96,110
66.98,92
67,103
67.02,108
67.04,117
67.06,97
67.08,103
67.1,97
67.12,108
67.14,103
67.16,123
67.18,70
67.2,112
67.22,108
67.24,95
67.26,90
67.28,102
67.3,85
67.32,103
67.34,100
67.36,98
67.38,100
67.4,102
67.42,88
67.44,85
67.46,80
67.48,105
67.5,93
67.52,120
67.54,87
67.56,110
67.58,102
67.6,77
67.62,117
67.64,73
67.66,85
67.68,97
67.7,87
67.72,112
67.74,78
67.76,95
67.78,110
67.8,93
67.82,98
67.84,95
67.86,120
67.88,88
67.9,95
67.92,95
67.94,92
67.96,118
67.98,108
68,90
68.02,110
68.04,98
68.06,98
68.08,88
68.1,103
68.12,103
68.14,117
68.16,97
68.18,95
68.2,102
68.22,105
68.24,103
68.26,93
68.28,95
68.3,107
68.32,92
68.34,87
68.36,100
68.38,83
68.4,115
68.42,90
68.44,87
68.46,125
68.48,92
68.5,112
68.52,82
68.54,92
68.56,110
68.58,82
68.6,77
68.62,110
68.64,87
68.66,97
68.68,100
68.7,103
68.72,118
68.74,72
68.76,108
68.78,105
68.8,80
68.82,83
68.84,92
68.86,93
68.88,108
68.9,100
68.92,108
68.94,90
68.96,102
68.98,122
69,83
69.02,90
69.04,108
69.06,102
69.08,112
69.1,107
69.12,90
69.14,112
69.16,78
69.18,78
69.2,85
69.22,95
69.24,97
69.26,93
69.28,103
69.3,83
69.32,100
69.34,88
69.36,112
69.38,100
69.4,88
69.42,90
69.44,120
69.46,103
69.48,102
69.5,122
69.52,100
69.54,118
69.56,107
69.58,98
69.6,92
69.62,113
69.64,120
69.66,70
69.68,137
69.7,110
69.72,95
69.74,100
69.76,95
69.78,110
69.8,112
69.82,103
69.84,75
69.86,88
69.88,92
69.9,135
69.92,83
69.94,140
69.96,122
69.98,105
70,135
70.02,88
70.04,112
70.06,100
70.08,137
70.1,120
70.12,112
70.14,127
70.16,90
70.18,110
70.2,105
70.22,120
70.24,125
70.26,138
70.28,168
70.3,158
70.32,132
70.34,177
70.36,168
70.38,183
70.4,200
70.42,272
70.44,273
70.46,298
70.48,347
70.5,303
70.52,310
70.54,330
70.56,317
70.58,327
70.6,277
70.62,285
70.64,280
70.66,227
70.68,238
70.7,168
70.72,162
70.74,187
70.76,173
70.78,155
70.8,117
70.82,103
70.84,118
70.86,117
70.88,82
70.9,115
70.92,100
70.94,130
70.96,115
70.98,100
71,120
71.02,122
71.04,97
71.06,100
71.08,133
71.1,110
71.12,73
71.14,115
71.16,107
71.18,98
71.2,92
71.22,132
71.24,107
71.26,108
71.28,85
71.3,115
71.32,115
71.34,92
71.36,92
71.38,95
71.4,108
71.42,100
71.44,113
71.46,87
71.48,92
71.5,78
71.52,113
71.54,102
71.56,110
71.58,80
71.6,73
71.62,90
71.64,107
71.66,107
71.68,90
71.7,100
71.72,95
71.74,115
71.76,112
71.78,85
71.8,103
71.82,112
71.84,90
71.86,115
71.88,117
71.9,98
71.92,108
71.94,90
71.96,110
71.98,88
72,97
72.02,107
72.04,103
72.06,113
72.08,100
72.1,125
72.12,103
72.14,118
72.16,93
72.18,107
72.2,103
72.22,108
72.24,123
72.26,90
72.28,107
72.3,110
72.32,97
72.34,98
72.36,97
72.38,97
72.4,110
72.42,93
72.44,110
72.46,77
72.48,88
72.5,97
72.52,97
72.54,75
72.56,98
72.58,100
72.6,105
72.62,108
72.64,97
72.66,92
72.68,112
72.7,103
72.72,122
72.74,103
72.76,87
72.78,92
72.8,102
72.82,107
72.84,103
72.86,107
72.88,113
72.9,110
72.92,107
72.94,92
72.96,97
72.98,120
73,78
73.02,103
73.04,137
73.06,75
73.08,103
73.1,98
73.12,107
73.14,80
73.16,100
73.18,105
73.2,93
73.22,115
73.24,105
73.26,78
73.28,123
73.3,92
73.32,110
73.34,97
73.36,110
73.38,93
73.4,102
73.42,100
73.44,118
73.46,75
73.48,115
73.5,110
73.52,100
73.54,97
73.56,107
73.58,138
73.6,118
73.62,135
73.64,122
73.66,122
73.68,143
73.7,103
73.72,113
73.74,137
73.76,132
73.78,155
73.8,160
73.82,112
73.84,153
73.86,165
73.88,173
73.9,187
73.92,198
73.94,220
73.96,230
73.98,295
74,327
74.02,337
74.04,360
74.06,443
74.08,455
74.1,485
74.12,485
74.14,587
74.16,543
74.18,508
74.2,533
74.22,453
74.24,455
74.26,445
74.28,343
74.3,355
74.32,340
74.34,273
74.36,268
74.38,242
74.4,255
74.42,228
74.44,215
74.46,185
74.48,135
74.5,180
74.52,160
74.54,140
74.56,128
74.58,142
74.6,122
74.62,115
74.64,97
74.66,108
74.68,128
74.7,117
74.72,113
74.74,115
74.76,102
74.78,82
74.8,130
74.82,127
74.84,98
74.86,120
74.88,110
74.9,93
74.92,130
74.94,97
74.96,88
74.98,90
75,80
75.02,82
75.04,118
75.06,107
75.08,107
75.1,98
75.12,95
75.14,88
75.16,138
75.18,103
75.2,92
75.22,132
75.24,97
75.26,88
75.28,92
75.3,107
75.32,90
75.34,122
75.36,72
75.38,97
75.4,98
75.42,107
75.44,105
75.46,115
75.48,122
75.5,113
75.52,108
75.54,92
75.56,95
75.58,115
75.6,80
75.62,85
75.64,77
75.66,102
75.68,107
75.7,90
75.72,112
75.74,108
75.76,100
75.78,102
75.8,85
75.82,112
75.84,107
75.86,113
75.88,97
75.9,107
75.92,107
75.94,110
75.96,75
75.98,105
76,107
76.02,128
76.04,85
76.06,90
76.08,97
76.1,107
76.12,98
76.14,98
76.16,102
76.18,97
76.2,105
76.22,93
76.24,102
76.26,90
76.28,97
76.3,100
76.32,110
76.34,100
76.36,100
76.38,98
76.4,107
76.42,115
76.44,122
76.46,103
76.48,93
76.5,98
76.52,100
76.54,107
76.56,120
76.58,110
76.6,108
76.62,98
76.64,102
76.66,115
76.68,98
76.7,117
76.72,108
76.74,110
76.76,120
76.78,95
76.8,85
76.82,98
76.84,103
76.86,75
76.88,98
76.9,88
76.92,112
76.94,122
76.96,82
76.98,110
77,107
77.02,118
77.04,105
77.06,112
77.08,107
77.1,115
77.12,123
77.14,102
77.16,125
77.18,112
77.2,100
77.22,98
77.24,110
77.26,112
77.28,103
77.3,85
77.32,93
77.34,105
77.36,90
77.38,103
77.4,90
77.42,118
77.44,107
77.46,105
77.48,95
77.5,118
77.52,102
77.54,78
77.56,125
77.58,88
77.6,90
77.62,100
77.64,90
77.66,90
77.68,110
77.7,105
77.72,98
77.74,82
77.76,98
77.78,103
77.8,95
77.82,113
77.84,82
77.86,92
77.88,118
77.9,95
77.92,113
77.94,93
77.96,83
77.98,95
78,97
78.02,93
78.04,108
78.06,75
78.08,98
78.1,88
78.12,103
78.14,83
78.16,102
78.18,110
78.2,82
78.22,98
78.24,87
78.26,112
78.28,92
78.3,100
78.32,95
78.34,92
78.36,93
78.38,112
78.4,112
78.42,113
78.44,112
78.46,103
78.48,92
78.5,100
78.52,98
78.54,112
78.56,97
78.58,102
78.6,92
78.62,125
78.64,103
78.66,97
78.68,90
78.7,105
78.72,120
78.74,127
78.76,100
78.78,93
78.8,98
78.82,102
78.84,115
78.86,112
78.88,85
78.9,98
78.92,100
78.94,98
78.96,90
78.98,115
79,77
79.02,108
79.04,113
79.06,100
79.08,72
79.1,113
79.12,90
79.14,98
79.16,100
79.18,113
79.2,113
79.22,102
79.24,92
79.26,107
79.28,103
79.3,88
79.32,93
79.34,113
79.36,98
79.38,95
79.4,97
79.42,112
79.44,108
79.46,77
79.48,95
79.5,110
79.52,98
79.54,93
79.56,93
79.58,123
79.6,98
79.62,125
79.64,100
79.66,97
79.68,90
79.7,103
79.72,115
79.74,103
79.76,90
79.78,93
79.8,102
79.82,115
79.84,120
79.86,107
79.88,100
79.9,98
79.92,95
79.94,102
79.96,98
79.98,112
80,100
80.02,95
80.04,88
80.06,118
80.08,107
80.1,100
80.12,82
80.14,90
80.16,92
80.18,95
80.2,118
80.22,97
80.24,118
80.26,88
80.28,112
80.3,83
80.32,92
80.34,82
80.36,83
80.38,100
80.4,77
80.42,93
80.44,108
80.46,97
80.48,93
80.5,128
80.52,105
80.54,98
80.56,97
80.58,105
80.6,93
80.62,102
80.64,110
80.66,77
80.68,103
80.7,102
80.72,77
80.74,103
80.76,92
80.78,127
80.8,80
80.82,113
80.84,85
80.86,92
80.88,107
80.9,113
80.92,103
80.94,112
80.96,110
80.98,95
81,92
81.02,120
81.04,97
81.06,110
81.08,100
81.1,88
81.12,107
81.14,83
81.16,88
81.18,98
81.2,107
81.22,87
81.24,97
81.26,75
81.28,88
81.3,107
81.32,115
81.34,143
81.36,100
81.38,98
81.4,92
81.42,93
81.44,83
81.46,98
81.48,98
81.5,88
81.52,72
81.54,103
81.56,98
81.58,87
81.6,122
81.62,82
81.64,110
81.66,125
81.68,93
81.7,112
81.72,100
81.74,103
81.76,78
81.78,87
81.8,77
81.82,88
81.84,118
81.86,105
81.88,97
81.9,100
81.92,98
81.94,102
81.96,100
81.98,85
82,102
82.02,120
82.04,108
82.06,105
82.08,107
82.1,92
82.12,73
82.14,98
82.16,102
82.18,93
82.2,92
82.22,103
82.24,97
82.26,100
82.28,108
82.3,102
82.32,102
82.34,103
82.36,98
82.38,80
82.4,93
82.42,105
82.44,85
82.46,85
82.48,105
82.5,100
82.52,112
82.54,103
82.56,97
82.58,123
82.6,97
82.62,90
82.64,107
82.66,102
82.68,93
82.7,82
82.72,97
82.74,97
82.76,95
82.78,102
82.8,97
82.82,103
82.84,108
82.86,125
82.88,87
82.9,108
82.92,83
82.94,82
82.96,128
82.98,105
83,100
83.02,103
83.04,100
83.06,88
83.08,113
83.1,92
83.12,75
83.14,97
83.16,98
83.18,82
83.2,92
83.22,88
83.24,90
83.26,123
83.28,93
83.3,93
83.32,77
83.34,108
83.36,95
83.38,92
83.4,95
83.42,97
83.44,103
83.46,115
83.48,77
83.5,93
83.52,90
83.54,118
83.56,97
83.58,102
83.6,108
83.62,80
83.64,113
83.66,97
83.68,105
83.7,112
83.72,83
83.74,87
83.76,128
83.78,113
83.8,118
83.82,87
83.84,113
83.86,92
83.88,117
83.9,117
83.92,92
83.94,95
83.96,118
83.98,97
84,98
84.02,93
84.04,112
84.06,117
84.08,110
84.1,87
84.12,97
84.14,117
84.16,97
84.18,103
84.2,77
84.22,82
84.24,87
84.26,97
84.28,93
84.3,98
84.32,105
84.34,103
84.36,100
84.38,95
84.4,102
84.42,80
84.44,95
84.46,87
84.48,133
84.5,130
84.52,117
84.54,115
84.56,110
84.58,87
84.6,102
84.62,90
84.64,83
84.66,97
84.68,93
84.7,118
84.72,87
84.74,105
84.76,90
84.78,103
84.8,115
84.82,122
84.84,98
84.86,102
84.88,108
84.9,112
84.92,93
84.94,80
84.96,82
84.98,87
85,123
85.02,78
85.04,107
85.06,113
85.08,92
85.1,108
85.12,113
85.14,83
85.16,107
85.18,102
85.2,113
85.22,108
85.24,102
85.26,100
85.28,100
85.3,115
85.32,95
85.34,93
85.36,113
85.38,112
85.4,102
85.42,95
85.44,90
85.46,105
85.48,93
85.5,102
85.52,103
85.54,105
85.56,97
85.58,103
85.6,100
85.62,100
85.64,107
85.66,98
85.68,98
85.7,113
85.72,108
85.74,95
85.76,105
85.78,93
85.8,100
85.82,97
85.84,120
85.86,117
85.88,108
85.9,93
85.92,93
85.94,83
85.96,90
85.98,100
86,98
86.02,108
86.04,98
86.06,110
86.08,98
86.1,107
86.12,105
86.14,123
86.16,100
86.18,92
86.2,88
86.22,132
86.24,123
86.26,90
86.28,115
86.3,103
86.32,112
86.34,137
86.36,102
86.38,95
86.4,85
86.42,127
86.44,122
86.46,122
86.48,110
86.5,100
86.52,97
86.54,132
86.56,95
86.58,115
86.6,100
86.62,75
86.64,107
86.66,143
86.68,108
86.7,113
86.72,125
86.74,93
86.76,107
86.78,102
86.8,127
86.82,100
86.84,95
86.86,105
86.88,132
86.9,105
86.92,95
86.94,110
86.96,100
86.98,95
87,130
87.02,103
87.04,85
87.06,73
87.08,103
87.1,90
87.12,97
87.14,113
87.16,98
87.18,83
87.2,115
87.22,113
87.24,112
87.26,102
87.28,90
87.3,120
87.32,137
87.34,122
87.36,113
87.38,108
87.4,102
87.42,103
87.44,135
87.46,125
87.48,138
87.5,117
87.52,132
87.54,128
87.56,100
87.58,122
87.6,130
87.62,118
87.64,152
87.66,148
87.68,132
87.7,143
87.72,97
87.74,130
87.76,138
87.78,142
87.8,133
87.82,163
87.84,152
87.86,170
87.88,188
87.9,223
87.92,233
87.94,263
87.96,357
87.98,372
88,430
88.02,520
88.04,660
88.06,740
88.08,807
88.1,760
88.12,785
88.14,785
88.16,722
88.18,677
88.2,577
88.22,605
88.24,577
88.26,518
88.28,525
88.3,518
88.32,502
88.34,408
88.36,378
88.38,348
88.4,252
88.42,228
88.44,197
88.46,215
88.48,218
88.5,158
88.52,165
88.54,167
88.56,137
88.58,150
88.6,122
88.62,140
88.64,147
88.66,123
88.68,97
88.7,97
88.72,123
88.74,120
88.76,113
88.78,107
88.8,125
88.82,112
88.84,107
88.86,125
88.88,105
88.9,115
88.92,105
88.94,142
88.96,112
88.98,97
89,123
89.02,112
89.04,73
89.06,97
89.08,112
89.1,98
89.12,125
89.14,105
89.16,102
89.18,128
89.2,82
89.22,103
89.24,98
89.26,105
89.28,103
89.3,117
89.32,97
89.34,107
89.36,110
89.38,120
89.4,92
89.42,95
89.44,100
89.46,117
89.48,102
89.5,137
89.52,105
89.54,100
89.56,88
89.58,85
89.6,120
89.62,102
89.64,108
89.66,108
89.68,112
89.7,78
89.72,95
89.74,125
89.76,122
89.78,108
89.8,107
89.82,93
89.84,117
89.86,100
89.88,110
89.9,117
89.92,113
89.94,105
89.96,88
89.98,105
90,115
90.02,150
90.04,120
90.06,103
90.08,103
90.1,110
90.12,132
90.14,100
90.16,125
90.18,125
90.2,103
90.22,107
90.24,92
90.26,118
90.28,108
90.3,88
90.32,113
90.34,100
90.36,98
90.38,85
90.4,97
90.42,100
90.44,112
90.46,102
90.48,87
90.5,120
90.52,117
90.54,107
90.56,100
90.58,108
90.6,108
90.62,100
90.64,92
90.66,102
90.68,95
90.7,97
90.72,93
90.74,103
90.76,107
90.78,105
90.8,110
90.82,118
90.84,115
90.86,92
90.88,103
90.9,118
90.92,133
90.94,88
90.96,93
90.98,128
91,83
91.02,113
91.04,118
91.06,113
91.08,122
91.1,107
91.12,127
91.14,85
91.16,88
91.18,98
91.2,108
91.22,100
91.24,105
91.26,98
91.28,95
91.3,110
91.32,100
91.34,80
91.36,98
91.38,102
91.4,87
91.42,105
91.44,108
91.46,98
91.48,95
91.5,103
91.52,118
91.54,112
91.56,93
91.58,112
91.6,83
91.62,125
91.64,95
91.66,115
91.68,110
91.7,122
91.72,95
91.74,85
91.76,103
91.78,97
91.8,117
91.82,87
91.84,92
91.86,110
91.88,103
91.9,108
91.92,105
91.94,102
91.96,112
91.98,110
92,122
92.02,102
92.04,95
92.06,98
92.08,83
92.1,98
92.12,105
92.14,98
92.16,98
92.18,112
92.2,78
92.22,98
92.24,130
92.26,103
92.28,103
92.3,100
92.32,90
92.34,95
92.36,122
92.38,117
92.4,82
92.42,98
92.44,92
92.46,102
92.48,127
92.5,92
92.52,105
92.54,117
92.56,102
92.58,112
92.6,87
92.62,108
92.64,105
92.66,127
92.68,123
92.7,110
92.72,108
92.74,103
92.76,103
92.78,98
92.8,95
92.82,108
92.84,122
92.86,87
92.88,107
92.9,98
92.92,83
92.94,103
92.96,95
92.98,90
93,110
93.02,93
93.04,107
93.06,108
93.08,103
93.1,95
93.12,123
93.14,125
93.16,97
93.18,62
93.2,113
93.22,108
93.24,87
93.26,113
93.28,98
93.3,103
93.32,97
93.34,103
93.36,128
93.38,105
93.4,102
93.42,73
93.44,103
93.46,90
93.48,113
93.5,95
93.52,112
93.54,88
93.56,95
93.58,125
93.6,113
93.62,77
93.64,108
93.66,110
93.68,78
93.7,112
93.72,95
93.74,70
93.76,112
93.78,105
93.8,83
93.82,87
93.84,100
93.86,127
93.88,92
93.9,110
93.92,87
93.94,103
93.96,112
93.98,100
94,103
94.02,108
94.04,103
94.06,93
94.08,102
94.1,92
94.12,87
94.14,112
94.16,108
94.18,113
94.2,107
94.22,107
94.24,88
94.26,82
94.28,93
94.3,102
94.32,130
94.34,108
94.36,87
94.38,122
94.4,132
94.42,92
94.44,117
94.46,88
94.48,102
94.5,103
94.52,90
94.54,93
94.56,90
94.58,137
94.6,82
94.62,77
94.64,120
94.66,103
94.68,87
94.7,97
94.72,112
94.74,92
94.76,117
94.78,117
94.8,112
94.82,118
94.84,100
94.86,105
94.88,83
94.9,108
94.92,95
94.94,127
94.96,93
94.98,85
95,77
95.02,93
95.04,103
95.06,98
95.08,117
95.1,117
95.12,90
95.14,100
95.16,132
95.18,100
95.2,118
95.22,97
95.24,108
95.26,95
95.28,83
95.3,102
95.32,118
95.34,95
95.36,107
95.38,77
95.4,105
95.42,82
95.44,102
95.46,108
95.48,100
95.5,93
95.52,92
95.54,120
95.56,102
95.58,112
95.6,100
95.62,103
95.64,122
95.66,82
95.68,115
95.7,102
95.72,102
95.74,127
95.76,97
95.78,78
95.8,107
95.82,110
95.84,95
95.86,107
95.88,107
95.9,133
95.92,102
95.94,115
95.96,102
95.98,110
96,102
96.02,92
96.04,83
96.06,102
96.08,77
96.1,87
96.12,82
96.14,117
96.16,115
96.18,123
96.2,113
96.22,110
96.24,127
96.26,90
96.28,123
96.3,83
96.32,88
96.34,102
96.36,93
96.38,102
96.4,100
96.42,118
96.44,113
96.46,110
96.48,92
96.5,100
96.52,87
96.54,93
96.56,113
96.58,107
96.6,87
96.62,108
96.64,112
96.66,120
96.68,87
96.7,112
96.72,102
96.74,123
96.76,102
96.78,105
96.8,85
96.82,120
96.84,107
96.86,93
96.88,80
96.9,105
96.92,82
96.94,93
96.96,117
96.98,105
97,108
97.02,102
97.04,102
97.06,107
97.08,113
97.1,72
97.12,108
97.14,135
97.16,85
97.18,125
97.2,108
97.22,88
97.24,102
97.26,120
97.28,112
97.3,93
97.32,102
97.34,125
97.36,105
97.38,93
97.4,108
97.42,113
97.44,110
97.46,100
97.48,113
97.5,90
97.52,120
97.54,100
97.56,107
97.58,115
97.6,112
97.62,98
97.64,105
97.66,120
97.68,120
97.7,117
97.72,110
97.74,112
97.76,115
97.78,97
97.8,110
97.82,135
97.84,113
97.86,85
97.88,92
97.9,107
97.92,123
97.94,108
97.96,120
97.98,107
98,98
98.02,88
98.04,98
98.06,133
98.08,125
98.1,115
98.12,107
98.14,117
98.16,105
98.18,115
98.2,132
98.22,127
98.24,158
98.26,132
98.28,122
98.3,152
98.32,150
98.34,128
98.36,157
98.38,205
98.4,145
98.42,148
98.44,178
98.46,182
98.48,185
98.5,193
98.52,128
98.54,173
98.56,160
98.58,190
98.6,148
98.62,143
98.64,152
98.66,143
98.68,158
98.7,152
98.72,148
98.74,152
98.76,142
98.78,130
98.8,137
98.82,102
98.84,113
98.86,113
98.88,117
98.9,137
98.92,137
98.94,107
98.96,110
98.98,128
99,107
99.02,142
99.04,112
99.06,93
99.08,92
99.1,127
99.12,137
99.14,128
99.16,130
99.18,102
99.2,113
99.22,103
99.24,97
99.26,122
99.28,113
99.3,118
99.32,138
99.34,98
99.36,127
99.38,103
99.4,117
99.42,107
99.44,113
99.46,80
99.48,92
99.5,98
99.52,118
99.54,80
99.56,102
99.58,97
99.6,107
99.62,97
99.64,108
99.66,90
99.68,122
99.7,113
99.72,132
99.74,110
99.76,93
99.78,87
99.8,97
99.82,98
99.84,105
99.86,98
99.88,108
99.9,85
99.92,97
99.94,120
99.96,98
99.98,127
100,107
100.02,100
100.04,97
100.06,105
100.08,108
100.1,115
100.12,118
100.14,92
100.16,95
100.18,117
100.2,133
100.22,100
100.24,110
100.26,108
100.28,132
100.3,103
100.32,93
100.34,93
100.36,100
100.38,113
100.4,103
100.42,100
100.44,113
100.46,115
100.48,88
100.5,138
100.52,103
100.54,97
100.56,128
100.58,113
100.6,83
100.62,107
100.64,123
100.66,147
100.68,105
100.7,97
100.72,128
100.74,110
100.76,157
100.78,132
100.8,112
100.82,103
100.84,98
100.86,100
100.88,138
100.9,108
100.92,113
100.94,135
100.96,125
100.98,115
101,128
101.02,102
101.04,112
101.06,125
101.08,113
101.1,135
101.12,115
101.14,127
101.16,140
101.18,153
101.2,125
101.22,125
101.24,110
101.26,115
101.28,117
101.3,163
101.32,118
101.34,132
101.36,127
101.38,148
101.4,145
101.42,152
101.44,160
101.46,120
101.48,152
101.5,158
101.52,153
101.54,190
101.56,177
101.58,160
101.6,215
101.62,222
101.64,252
101.66,268
101.68,265
101.7,272
101.72,280
101.74,320
101.76,350
101.78,428
101.8,470
101.82,477
101.84,552
101.86,558
101.88,683
101.9,682
101.92,725
101.94,673
101.96,648
101.98,655
102,702
102.02,697
102.04,627
102.06,572
102.08,590
102.1,515
102.12,543
102.14,600
102.16,507
102.18,477
102.2,487
102.22,423
102.24,422
102.26,428
102.28,348
102.3,323
102.32,340
102.34,313
102.36,258
102.38,237
102.4,245
102.42,210
102.44,235
102.46,172
102.48,163
102.5,162
102.52,147
102.54,177
102.56,147
102.58,170
102.6,185
102.62,128
102.64,138
102.66,155
102.68,127
102.7,140
102.72,120
102.74,117
102.76,140
102.78,157
102.8,138
102.82,117
102.84,133
102.86,123
102.88,113
102.9,128
102.92,125
102.94,132
102.96,102
102.98,113
103,97
103.02,140
103.04,120
103.06,123
103.08,118
103.1,127
103.12,107
103.14,110
103.16,132
103.18,112
103.2,115
103.22,120
103.24,123
103.26,123
103.28,105
103.3,107
103.32,115
103.34,123
103.36,112
103.38,115
103.4,108
103.42,117
103.44,120
103.46,118
103.48,103
103.5,133
103.52,125
103.54,102
103.56,107
103.58,107
103.6,120
103.62,98
103.64,130
103.66,100
103.68,88
103.7,115
103.72,112
103.74,117
103.76,108
103.78,117
103.8,97
103.82,105
103.84,113
103.86,110
103.88,135
103.9,125
103.92,120
103.94,117
103.96,105
103.98,108
104,105
104.02,87
104.04,110
104.06,112
104.08,123
104.1,125
104.12,112
104.14,122
104.16,120
104.18,123
104.2,113
104.22,85
104.24,152
104.26,95
104.28,113
104.3,108
104.32,100
104.34,142
104.36,105
104.38,117
104.4,110
104.42,112
104.44,140
104.46,108
104.48,108
104.5,97
104.52,123
104.54,97
104.56,103
104.58,102
104.6,97
104.62,103
104.64,123
104.66,103
104.68,98
104.7,123
104.72,112
104.74,113
104.76,103
104.78,78
104.8,112
104.82,112
104.84,137
104.86,105
104.88,92
104.9,113
104.92,102
104.94,115
104.96,93
104.98,117
105,107
105.02,93
105.04,110
105.06,118
105.08,102
105.1,127
105.12,122
105.14,105
105.16,113
105.18,107
105.2,85
105.22,90
105.24,112
105.26,103
105.28,102
105.3,112
105.32,108
105.34,118
105.36,97
105.38,130
105.4,105
105.42,100
105.44,110
105.46,97
105.48,102
105.5,97
105.52,103
105.54,88
105.56,92
105.58,102
105.6,95
105.62,100
105.64,87
105.66,90
105.68,98
105.7,108
105.72,115
105.74,110
105.76,110
105.78,107
105.8,113
105.82,95
105.84,87
105.86,92
105.88,102
105.9,103
105.92,100
105.94,88
105.96,115
105.98,100
106,95
106.02,107
106.04,82
106.06,122
106.08,110
106.1,107
106.12,123
106.14,108
106.16,107
106.18,98
106.2,102
106.22,110
106.24,105
106.26,100
106.28,105
106.3,88
106.32,127
106.34,113
106.36,98
106.38,115
106.4,72
106.42,85
106.44,100
106.46,108
106.48,138
106.5,108
106.52,98
106.54,100
106.56,107
106.58,110
106.6,110
106.62,103
106.64,102
106.66,102
106.68,98
106.7,112
106.72,108
106.74,77
106.76,107
106.78,115
106.8,95
106.82,93
106.84,88
106.86,63
106.88,93
106.9,113
106.92,97
106.94,105
106.96,83
106.98,105
107,112
107.02,87
107.04,140
107.06,118
107.08,130
107.1,123
107.12,117
107.14,112
107.16,102
107.18,115
107.2,97
107.22,92
107.24,122
107.26,88
107.28,100
107.3,120
107.32,102
107.34,113
107.36,97
107.38,117
107.4,118
107.42,100
107.44,92
107.46,123
107.48,98
107.5,112
107.52,100
107.54,105
107.56,105
107.58,100
107.6,108
107.62,105
107.64,78
107.66,100
107.68,122
107.7,87
107.72,120
107.74,100
107.76,138
107.78,93
107.8,108
107.82,117
107.84,80
107.86,102
107.88,122
107.9,120
107.92,137
107.94,100
107.96,80
107.98,107
108,88
108.02,95
108.04,118
108.06,102
108.08,70
108.1,100
108.12,88
108.14,108
108.16,88
108.18,97
108.2,103
108.22,105
108.24,88
108.26,103
108.28,88
108.3,115
108.32,110
108.34,88
108.36,95
108.38,122
108.4,120
108.42,127
108.44,110
108.46,108
108.48,122
108.5,92
108.52,118
108.54,122
108.56,118
108.58,105
108.6,123
108.62,87
108.64,113
108.66,113
108.68,100
108.7,107
108.72,117
108.74,115
108.76,87
108.78,118
108.8,118
108.82,83
108.84,113
108.86,87
108.88,135
108.9,92
108.92,128
108.94,102
108.96,103
108.98,93
109,140
109.02,125
109.04,142
109.06,93
109.08,125
109.1,97
109.12,102
109.14,110
109.16,88
109.18,100
109.2,108
109.22,100
109.24,115
109.26,92
109.28,112
109.3,92
109.32,98
109.34,123
109.36,95
109.38,113
109.4,95
109.42,122
109.44,115
109.46,95
109.48,125
109.5,80
109.52,97
109.54,103
109.56,107
109.58,87
109.6,90
109.62,108
109.64,72
109.66,127
109.68,118
109.7,103
109.72,100
109.74,102
109.76,120
109.78,105
109.8,107
109.82,98
109.84,107
109.86,90
109.88,112
109.9,83
109.92,108
109.94,88
109.96,122
109.98,102
110,95
110.02,115
110.04,107
110.06,98
110.08,95
110.1,103
110.12,105
110.14,112
110.16,112
110.18,122
110.2,85
110.22,110
110.24,73
110.26,112
110.28,102
110.3,113
110.32,107
110.34,115
110.36,123
110.38,88
110.4,103
110.42,97
110.44,128
110.46,117
110.48,107
110.5,108
110.52,110
110.54,112
110.56,82
110.58,108
110.6,123
110.62,105
110.64,115
110.66,97
110.68,122
110.7,120
110.72,130
110.74,88
110.76,110
110.78,105
110.8,105
110.82,107
110.84,135
110.86,97
110.88,98
110.9,115
110.92,78
110.94,102
110.96,98
110.98,108
111,103
111.02,117
111.04,115
111.06,88
111.08,100
111.1,85
111.12,117
111.14,92
111.16,97
111.18,80
111.2,152
111.22,120
111.24,110
111.26,105
111.28,103
111.3,107
111.32,123
111.34,117
111.36,98
111.38,100
111.4,95
111.42,108
111.44,123
111.46,108
111.48,112
111.5,122
111.52,135
111.54,103
111.56,123
111.58,102
111.6,117
111.62,162
111.64,130
111.66,133
111.68,85
111.7,110
111.72,68
111.74,87
111.76,108
111.78,95
111.8,107
111.82,132
111.84,90
111.86,120
111.88,120
111.9,103
111.92,108
111.94,113
111.96,108
111.98,122
112,123
112.02,103
112.04,100
112.06,130
112.08,105
112.1,83
112.12,117
112.14,98
112.16,113
112.18,97
112.2,103
112.22,93
112.24,88
112.26,100
112.28,93
112.3,123
112.32,75
112.34,112
112.36,92
112.38,110
112.4,113
112.42,97
112.44,133
112.46,110
112.48,117
112.5,92
112.52,113
112.54,97
112.56,107
112.58,105
112.6,112
112.62,105
112.64,110
112.66,110
112.68,118
112.7,112
112.72,120
112.74,83
112.76,95
112.78,97
112.8,115
112.82,115
112.84,107
112.86,80
112.88,98
112.9,87
112.92,125
112.94,100
112.96,115
112.98,118
113,118
113.02,108
113.04,140
113.06,112
113.08,98
113.1,110
113.12,93
113.14,128
113.16,112
113.18,112
113.2,100
113.22,93
113.24,97
113.26,117
113.28,123
113.3,98
113.32,125
113.34,90
113.36,118
113.38,103
113.4,108
113.42,120
113.44,87
113.46,88
113.48,122
113.5,115
113.52,98
113.54,117
113.56,103
113.58,100
113.6,95
113.62,85
113.64,120
113.66,110
113.68,117
113.7,122
113.72,102
113.74,98
113.76,115
113.78,93
113.8,117
113.82,112
113.84,105
113.86,123
113.88,117
113.9,108
113.92,122
113.94,110
113.96,102
113.98,98
114,112
114.02,113
114.04,102
114.06,105
114.08,95
114.1,122
114.12,110
114.14,117
114.16,95
114.18,105
114.2,120
114.22,125
114.24,125
114.26,98
114.28,85
114.3,105
114.32,125
114.34,138
114.36,128
114.38,150
114.4,90
114.42,103
114.44,95
114.46,90
114.48,107
114.5,97
114.52,118
114.54,75
114.56,105
114.58,105
114.6,100
114.62,108
114.64,95
114.66,125
114.68,103
114.7,117
114.72,85
114.74,150
114.76,87
114.78,133
114.8,102
114.82,107
114.84,97
114.86,125
114.88,115
114.9,110
114.92,117
114.94,110
114.96,95
114.98,140
115,100
115.02,123
115.04,115
115.06,93
115.08,92
115.1,110
115.12,130
115.14,132
115.16,110
115.18,110
115.2,80
115.22,107
115.24,90
115.26,115
115.28,127
115.3,117
115.32,130
115.34,95
115.36,127
115.38,90
115.4,93
115.42,122
115.44,127
115.46,122
115.48,118
115.5,97
115.52,113
115.54,128
115.56,95
115.58,138
115.6,130
115.62,112
115.64,115
115.66,113
115.68,115
115.7,145
115.72,128
115.74,113
115.76,137
115.78,128
115.8,127
115.82,120
115.84,127
115.86,152
115.88,142
115.9,173
115.92,122
115.94,140
115.96,152
115.98,123
116,140
116.02,165
116.04,147
116.06,162
116.08,165
116.1,145
116.12,173
116.14,187
116.16,190
116.18,208
116.2,175
116.22,193
116.24,227
116.26,215
116.28,272
116.3,247
116.32,245
116.34,328
116.36,295
116.38,343
116.4,322
116.42,378
116.44,372
116.46,383
116.48,387
116.5,390
116.52,400
116.54,483
116.56,443
116.58,490
116.6,453
116.62,418
116.64,420
116.66,407
116.68,413
116.7,420
116.72,420
116.74,383
116.76,353
116.78,373
116.8,440
116.82,365
116.84,322
116.86,387
116.88,350
116.9,290
116.92,303
116.94,330
116.96,293
116.98,255
117,273
117.02,238
117.04,217
117.06,215
117.08,215
117.1,202
117.12,182
117.14,220
117.16,187
117.18,145
117.2,187
117.22,162
117.24,138
117.26,150
117.28,150
117.3,180
117.32,145
117.34,152
117.36,130
117.38,163
117.4,153
117.42,162
117.44,140
117.46,125
117.48,137
117.5,132
117.52,130
117.54,117
117.56,125
117.58,98
117.6,110
117.62,107
117.64,97
117.66,115
117.68,115
117.7,112
117.72,110
117.74,133
117.76,107
117.78,105
117.8,128
117.82,122
117.84,113
117.86,130
117.88,95
117.9,127
117.92,112
117.94,113
117.96,113
117.98,120
118,113
118.02,82
118.04,122
118.06,98
118.08,142
118.1,85
118.12,118
118.14,117
118.16,112
118.18,92
118.2,105
118.22,133
118.24,127
118.26,85
118.28,108
118.3,118
118.32,118
118.34,100
118.36,125
118.38,143
118.4,120
118.42,90
118.44,127
118.46,107
118.48,95
118.5,110
118.52,135
118.54,97
118.56,117
118.58,103
118.6,110
118.62,128
118.64,83
118.66,130
118.68,122
118.7,107
118.72,112
118.74,97
118.76,97
118.78,113
118.8,117
118.82,123
118.84,125
118.86,115
118.88,113
118.9,122
118.92,105
118.94,120
118.96,115
118.98,103
119,92
119.02,107
119.04,93
119.06,97
119.08,88
119.1,97
119.12,108
119.14,97
119.16,105
119.18,78
119.2,122
119.22,92
119.24,125
119.26,90
119.28,112
119.3,107
119.32,113
119.34,115
119.36,113
119.38,117
119.4,110
119.42,107
119.44,103
119.46,120
119.48,98
119.5,133
119.52,128
119.54,98
119.56,128
119.58,120
119.6,117
119.62,115
119.64,98
119.66,88
119.68,118
119.7,108
119.72,120
119.74,103
119.76,95
119.78,107
119.8,93
119.82,107
119.84,123
119.86,113
119.88,88
119.9,92
119.92,110
119.94,113
119.96,100
119.98,92
120,110
120.02,83
120.04,113
120.06,100
120.08,115
120.1,102
120.12,113
120.14,122
120.16,117
120.18,113
120.2,107
120.22,98
120.24,93
120.26,98
120.28,107
120.3,110
120.32,107
120.34,107
120.36,118
120.38,122
120.4,102
120.42,100
120.44,95
120.46,107
120.48,123
120.5,115
120.52,107
120.54,132
120.56,98
120.58,113
120.6,135
120.62,125
120.64,113
120.66,140
120.68,123
120.7,107
120.72,103
120.74,105
120.76,112
120.78,105
120.8,113
120.82,117
120.84,93
120.86,105
120.88,127
120.9,107
120.92,105
120.94,105
120.96,132
120.98,130
121,112
121.02,105
121.04,95
121.06,92
121.08,93
121.1,107
121.12,110
121.14,105
121.16,85
121.18,92
121.2,107
121.22,123
121.24,90
121.26,115
121.28,123
121.3,100
121.32,142
121.34,113
121.36,128
121.38,110
121.4,92
121.42,100
121.44,113
121.46,97
121.48,93
121.5,117
121.52,113
121.54,107
121.56,138
121.58,105
121.6,135
121.62,108
121.64,105
121.66,97
121.68,135
121.7,97
121.72,107
121.74,85
121.76,113
121.78,125
121.8,108
121.82,105
121.84,108
121.86,110
121.88,103
121.9,92
121.92,92
121.94,108
121.96,98
121.98,97
122,108
122.02,100
122.04,97
122.06,115
122.08,97
122.1,92
122.12,118
122.14,125
122.16,113
122.18,117
122.2,87
122.22,105
122.24,125
122.26,88
122.28,110
122.3,102
122.32,102
122.34,118
122.36,85
122.38,93
122.4,118
122.42,115
122.44,115
122.46,103
122.48,102
122.5,110
122.52,105
122.54,148
122.56,142
122.58,88
122.6,100
122.62,133
122.64,115
122.66,138
122.68,108
122.7,102
122.72,117
122.74,142
122.76,90
122.78,92
122.8,105
122.82,103
122.84,117
122.86,120
122.88,108
122.9,108
122.92,92
122.94,118
122.96,137
122.98,122
123,127
123.02,122
123.04,102
123.06,123
123.08,98
123.1,105
123.12,127
123.14,120
123.16,107
123.18,108
123.2,122
123.22,122
123.24,102
123.26,105
123.28,103
123.3,115
123.32,87
123.34,122
123.36,105
123.38,113
123.4,107
123.42,97
123.44,120
123.46,103
123.48,108
123.5,98
123.52,97
123.54,98
123.56,135
123.58,92
123.6,113
123.62,97
123.64,122
123.66,100
123.68,90
123.7,123
123.72,103
123.74,113
123.76,107
123.78,78
123.8,107
123.82,117
123.84,133
123.86,93
123.88,125
123.9,98
123.92,103
123.94,100
123.96,102
123.98,115
124,103
124.02,93
124.04,102
124.06,108
124.08,105
124.1,100
124.12,113
124.14,125
124.16,100
124.18,95
124.2,115
124.22,115
124.24,97
124.26,92
124.28,90
124.3,83
124.32,97
124.34,128
124.36,100
124.38,100
124.4,140
124.42,128
124.44,117
124.46,108
124.48,107
124.5,117
124.52,95
124.54,102
124.56,137
124.58,107
124.6,97
124.62,83
124.64,118
124.66,100
124.68,88
124.7,118
124.72,98
124.74,100
124.76,97
124.78,143
124.8,128
124.82,100
124.84,95
124.86,100
124.88,87
124.9,88
124.92,117
124.94,113
124.96,113
124.98,110
125,112
125.02,113
125.04,105
125.06,93
125.08,90
125.1,103
125.12,135
125.14,103
125.16,103
125.18,107
125.2,117
125.22,95
125.24,105
125.26,97
125.28,107
125.3,108
125.32,112
125.34,127
125.36,122
125.38,100
125.4,103
125.42,113
125.44,118
125.46,98
125.48,105
125.5,105
125.52,108
125.54,107
125.56,123
125.58,127
125.6,95
125.62,97
125.64,115
125.66,107
125.68,83
125.7,92
125.72,100
125.74,112
125.76,112
125.78,127
125.8,127
125.82,92
125.84,100
125.86,130
125.88,100
125.9,112
125.92,113
125.94,118
125.96,98
125.98,103
126,83
126.02,122
126.04,110
126.06,115
126.08,110
126.1,100
126.12,122
126.14,108
126.16,135
126.18,112
126.2,137
126.22,103
126.24,75
126.26,98
126.28,93
126.3,135
126.32,117
126.34,125
126.36,105
126.38,120
126.4,105
126.42,120
126.44,88
126.46,87
126.48,103
126.5,122
126.52,113
126.54,125
126.56,102
126.58,95
126.6,125
126.62,133
126.64,152
126.66,115
126.68,140
126.7,127
126.72,105
126.74,105
126.76,100
126.78,110
126.8,125
126.82,95
126.84,112
126.86,82
126.88,112
126.9,108
126.92,112
126.94,102
126.96,138
126.98,88
127,110
127.02,102
127.04,98
127.06,115
127.08,127
127.1,122
127.12,127
127.14,95
127.16,90
127.18,128
127.2,125
127.22,85
127.24,130
127.26,112
127.28,120
127.3,118
127.32,83
127.34,88
127.36,95
127.38,102
127.4,105
127.42,113
127.44,85
127.46,108
127.48,125
127.5,120
127.52,122
127.54,113
127.56,100
127.58,100
127.6,122
127.62,123
127.64,102
127.66,117
127.68,110
127.7,140
127.72,105
127.74,110
127.76,125
127.78,93
127.8,123
127.82,135
127.84,128
127.86,90
127.88,95
127.9,123
127.92,128
127.94,123
127.96,130
127.98,87
128,107
128.02,108
128.04,95
128.06,118
128.08,92
128.1,103
128.12,122
128.14,130
128.16,133
128.18,102
128.2,100
128.22,93
128.24,110
128.26,112
128.28,112
128.3,138
128.32,127
128.34,110
128.36,133
128.38,128
128.4,145
128.42,103
128.44,107
128.46,123
128.48,138
128.5,143
128.52,150
128.54,145
128.56,153
128.58,137
128.6,148
128.62,163
128.64,138
128.66,185
128.68,205
128.7,183
128.72,213
128.74,147
128.76,160
128.78,187
128.8,215
128.82,157
128.84,207
128.86,182
128.88,208
128.9,208
128.92,187
128.94,183
128.96,187
128.98,182
129,188
129.02,193
129.04,195
129.06,175
129.08,178
129.1,192
129.12,163
129.14,180
129.16,180
129.18,175
129.2,168
129.22,137
129.24,185
129.26,135
129.28,150
129.3,145
129.32,153
129.34,110
129.36,143
129.38,132
129.4,160
129.42,108
129.44,148
129.46,110
129.48,142
129.5,143
129.52,157
129.54,138
129.56,137
129.58,168
129.6,160
129.62,127
129.64,120
129.66,137
129.68,127
129.7,138
129.72,108
129.74,110
129.76,107
129.78,113
129.8,120
129.82,128
129.84,135
129.86,100
129.88,108
129.9,118
129.92,98
129.94,108
129.96,108
129.98,122
130,133
130.02,118
130.04,133
130.06,103
130.08,112
130.1,105
130.12,103
130.14,113
130.16,110
130.18,105
130.2,115
130.22,93
130.24,113
130.26,130
130.28,138
130.3,112
130.32,105
130.34,98
130.36,93
130.38,120
130.4,117
130.42,118
130.44,112
130.46,108
130.48,112
130.5,117
130.52,98
130.54,97
130.56,103
130.58,117
130.6,107
130.62,98
130.64,123
130.66,113
130.68,122
130.7,115
130.72,98
130.74,113
130.76,118
130.78,110
130.8,92
130.82,110
130.84,108
130.86,117
130.88,123
130.9,107
130.92,130
130.94,112
130.96,120
130.98,113
131,128
131.02,115
131.04,92
131.06,122
131.08,133
131.1,98
131.12,113
131.14,117
131.16,102
131.18,110
131.2,97
131.22,118
131.24,98
131.26,107
131.28,115
131.3,117
131.32,105
131.34,107
131.36,88
131.38,97
131.4,103
131.42,123
131.44,112
131.46,118
131.48,118
131.5,125
131.52,115
131.54,122
131.56,112
131.58,98
131.6,102
131.62,113
131.64,95
131.66,115
131.68,115
131.7,103
131.72,103
131.74,115
131.76,110
131.78,115
131.8,112
131.82,115
131.84,93
131.86,132
131.88,98
131.9,82
131.92,137
131.94,98
131.96,107
131.98,128
132,105
132.02,90
132.04,122
132.06,105
132.08,93
132.1,112
132.12,122
132.14,145
132.16,135
132.18,100
132.2,88
132.22,130
132.24,118
132.26,122
132.28,92
132.3,120
132.32,105
132.34,105
132.36,95
132.38,98
132.4,125
132.42,97
132.44,140
132.46,125
132.48,110
132.5,117
132.52,115
132.54,105
132.56,97
132.58,130
132.6,102
132.62,102
132.64,98
132.66,112
132.68,95
132.7,125
132.72,130
132.74,135
132.76,113
132.78,115
132.8,105
132.82,103
132.84,110
132.86,118
132.88,118
132.9,98
132.92,112
132.94,113
132.96,93
132.98,95
133,100
133.02,130
133.04,125
133.06,110
133.08,125
133.1,127
133.12,118
133.14,107
133.16,90
133.18,112
133.2,113
133.22,108
133.24,113
133.26,108
133.28,100
133.3,123
133.32,108
133.34,102
133.36,130
133.38,115
133.4,90
133.42,103
133.44,115
133.46,107
133.48,143
133.5,108
133.52,90
133.54,120
133.56,95
133.58,112
133.6,90
133.62,118
133.64,155
133.66,110
133.68,108
133.7,103
133.72,105
133.74,113
133.76,108
133.78,130
133.8,85
133.82,88
133.84,100
133.86,107
133.88,120
133.9,125
133.92,123
133.94,125
133.96,110
133.98,128
134,127
134.02,97
134.04,112
134.06,143
134.08,110
134.1,107
134.12,98
134.14,133
134.16,113
134.18,108
134.2,122
134.22,117
134.24,90
134.26,115
134.28,108
134.3,92
134.32,98
134.34,113
134.36,92
134.38,102
134.4,117
134.42,113
134.44,117
134.46,115
134.48,140
134.5,97
134.52,118
134.54,108
134.56,105
134.58,78
134.6,112
134.62,137
134.64,113
134.66,102
134.68,135
134.7,112
134.72,120
134.74,103
134.76,155
134.78,110
134.8,102
134.82,100
134.84,98
134.86,127
134.88,110
134.9,85
134.92,107
134.94,117
134.96,108
134.98,128
135,137
135.02,102
135.04,85
135.06,102
135.08,127
135.1,127
135.12,107
135.14,100
135.16,110
135.18,142
135.2,112
135.22,108
135.24,80
135.26,127
135.28,103
135.3,100
135.32,115
135.34,98
135.36,137
135.38,117
135.4,108
135.42,92
135.44,105
135.46,120
135.48,113
135.5,107
135.52,112
135.54,132
135.56,137
135.58,142
135.6,128
135.62,87
135.64,122
135.66,117
135.68,103
135.7,102
135.72,113
135.74,107
135.76,123
135.78,110
135.8,100
135.82,125
135.84,118
135.86,127
135.88,122
135.9,100
135.92,110
135.94,128
135.96,138
135.98,127
136,118
136.02,102
136.04,128
136.06,82
136.08,127
136.1,88
136.12,90
136.14,127
136.16,135
136.18,125
136.2,125
136.22,100
136.24,128
136.26,160
136.28,95
136.3,120
136.32,112
136.34,132
136.36,118
136.38,120
136.4,108
136.42,127
136.44,108
136.46,92
136.48,100
136.5,108
136.52,95
136.54,128
136.56,115
136.58,117
136.6,132
136.62,108
136.64,127
136.66,105
136.68,107
136.7,125
136.72,105
136.74,112
136.76,125
136.78,112
136.8,93
136.82,92
136.84,128
136.86,105
136.88,77
136.9,125
136.92,128
136.94,133
136.96,122
136.98,122
137,102
137.02,108
137.04,112
137.06,138
137.08,117
137.1,100
137.12,133
137.14,133
137.16,85
137.18,92
137.2,90
137.22,138
137.24,123
137.26,102
137.28,120
137.3,115
137.32,122
137.34,112
137.36,118
137.38,112
137.4,122
137.42,78
137.44,110
137.46,117
137.48,112
137.5,115
137.52,127
137.54,117
137.56,120
137.58,107
137.6,117
137.62,115
137.64,122
137.66,118
137.68,133
137.7,105
137.72,100
137.74,108
137.76,97
137.78,132
137.8,110
137.82,133
137.84,125
137.86,98
137.88,87
137.9,120
137.92,122
137.94,115
137.96,93
137.98,115
138,135
138.02,97
138.04,97
138.06,112
138.08,95
138.1,113
138.12,95
138.14,125
138.16,107
138.18,117
138.2,113
138.22,95
138.24,115
138.26,110
138.28,137
138.3,105
138.32,110
138.34,137
138.36,115
138.38,133
138.4,107
138.42,110
138.44,120
138.46,113
138.48,113
138.5,107
138.52,105
138.54,100
138.56,125
138.58,108
138.6,90
138.62,95
138.64,113
138.66,122
138.68,107
138.7,110
138.72,112
138.74,105
138.76,120
138.78,110
138.8,112
138.82,100
138.84,127
138.86,125
138.88,117
138.9,122
138.92,110
138.94,105
138.96,115
138.98,98
139,97
139.02,95
139.04,113
139.06,120
139.08,113
139.1,118
139.12,93
139.14,127
139.16,110
139.18,127
139.2,120
139.22,90
139.24,115
139.26,127
139.28,122
139.3,127
139.32,128
139.34,123
139.36,122
139.38,105
139.4,113
139.42,130
139.44,100
139.46,93
139.48,108
139.5,85
139.52,118
139.54,108
139.56,92
139.58,113
139.6,70
139.62,133
139.64,115
139.66,118
139.68,142
139.7,88
139.72,120
139.74,117
139.76,93
139.78,112
139.8,147
139.82,105
139.84,110
139.86,118
139.88,115
139.9,123
139.92,115
139.94,88
139.96,127
139.98,122
140,115
140.02,138
140.04,107
140.06,112
140.08,103
140.1,105
140.12,120
140.14,103
140.16,127
140.18,120
140.2,142
140.22,122
140.24,125
140.26,92
140.28,110
140.3,122
140.32,102
140.34,127
140.36,97
140.38,105
140.4,105
140.42,102
140.44,123
140.46,85
140.48,105
140.5,108
140.52,107
140.54,105
140.56,93
140.58,98
140.6,100
140.62,90
140.64,107
140.66,98
140.68,100
140.7,98
140.72,118
140.74,107
140.76,113
140.78,133
140.8,128
140.82,128
140.84,128
140.86,105
140.88,108
140.9,100
140.92,137
140.94,108
140.96,97
140.98,100
141,138
141.02,107
141.04,120
141.06,103
141.08,108
141.1,107
141.12,100
141.14,100
141.16,122
141.18,95
141.2,113
141.22,100
141.24,125
141.26,100
141.28,125
141.3,122
141.32,110
141.34,105
141.36,140
141.38,125
141.4,95
141.42,120
141.44,113
141.46,115
141.48,102
141.5,113
141.52,128
141.54,113
141.56,123
141.58,120
141.6,100
141.62,132
141.64,127
141.66,130
141.68,92
141.7,102
141.72,132
141.74,105
141.76,128
141.78,115
141.8,113
141.82,123
141.84,108
141.86,110
141.88,122
141.9,115
141.92,120
141.94,102
141.96,97
141.98,98
142,132
142.02,123
142.04,123
142.06,118
142.08,100
142.1,107
142.12,112
142.14,140
142.16,120
142.18,130
142.2,135
142.22,105
142.24,100
142.26,108
142.28,133
142.3,102
142.32,103
142.34,123
142.36,118
142.38,137
142.4,115
142.42,133
142.44,112
142.46,98
142.48,108
142.5,118
142.52,112
142.54,122
142.56,90
142.58,117
142.6,103
142.62,118
142.64,105
142.66,112
142.68,118
142.7,112
142.72,120
142.74,102
142.76,100
142.78,117
142.8,125
142.82,132
142.84,127
142.86,118
142.88,117
142.9,110
142.92,103
142.94,130
142.96,113
142.98,117
143,118
143.02,125
143.04,118
143.06,110
143.08,123
143.1,113
143.12,110
143.14,102
143.16,108
143.18,100
143.2,118
143.22,97
143.24,103
143.26,115
143.28,125
143.3,115
143.32,122
143.34,105
143.36,152
143.38,113
143.4,95
143.42,127
143.44,112
143.46,135
143.48,110
143.5,115
143.52,123
143.54,117
143.56,113
143.58,117
143.6,120
143.62,88
143.64,115
143.66,112
143.68,110
143.7,128
143.72,115
143.74,130
143.76,117
143.78,118
143.8,103
143.82,123
143.84,135
143.86,127
143.88,110
143.9,123
143.92,103
143.94,83
143.96,113
143.98,135
144,103
144.02,118
144.04,118
144.06,98
144.08,125
144.1,98
144.12,127
144.14,100
144.16,110
144.18,128
144.2,117
144.22,112
144.24,143
144.26,98
144.28,92
144.3,107
144.32,107
144.34,93
144.36,107
144.38,125
144.4,110
144.42,108
144.44,95
144.46,125
144.48,105
144.5,138
144.52,95
144.54,120
144.56,117
144.58,140
144.6,118
144.62,100
144.64,122
144.66,137
144.68,122
144.7,115
144.72,105
144.74,102
144.76,142
144.78,102
144.8,132
144.82,107
144.84,120
144.86,102
144.88,100
144.9,85
144.92,123
144.94,133
144.96,87
144.98,103
145,90
145.02,117
145.04,152
145.06,118
145.08,115
145.1,123
145.12,118
145.14,125
145.16,120
145.18,93
145.2,95
145.22,97
145.24,107
145.26,120
145.28,108
145.3,108
145.32,127
145.34,102
145.36,138
145.38,115
145.4,100
145.42,120
145.44,115
145.46,87
145.48,135
145.5,125
145.52,115
145.54,120
145.56,118
145.58,122
145.6,112
145.62,125
145.64,112
145.66,128
145.68,115
145.7,107
145.72,115
145.74,127
145.76,130
145.78,108
145.8,125
145.82,113
145.84,137
145.86,103
145.88,120
145.9,118
145.92,115
145.94,123
145.96,107
145.98,113
146,98
146.02,153
146.04,115
146.06,97
146.08,120
146.1,108
146.12,102
146.14,120
146.16,115
146.18,130
146.2,90
146.22,113
146.24,113
146.26,95
146.28,105
146.3,90
146.32,100
146.34,145
146.36,127
146.38,103
146.4,93
146.42,110
146.44,120
146.46,135
146.48,108
146.5,115
146.52,130
146.54,132
146.56,125
146.58,143
146.6,107
146.62,75
146.64,113
146.66,108
146.68,127
146.7,100
146.72,102
146.74,103
146.76,128
146.78,128
146.8,117
146.82,92
146.84,127
146.86,122
146.88,115
146.9,107
146.92,133
146.94,108
146.96,110
146.98,103
147,113
147.02,108
147.04,100
147.06,132
147.08,108
147.1,135
147.12,110
147.14,107
147.16,112
147.18,110
147.2,132
147.22,97
147.24,143
147.26,138
147.28,125
147.3,105
147.32,115
147.34,115
147.36,140
147.38,122
147.4,100
147.42,128
147.44,105
147.46,150
147.48,140
147.5,145
147.52,113
147.54,130
147.56,98
147.58,128
147.6,118
147.62,107
147.64,107
147.66,123
147.68,108
147.7,130
147.72,110
147.74,120
147.76,137
147.78,143
147.8,107
147.82,97
147.84,133
147.86,103
147.88,97
147.9,132
147.92,127
147.94,120
147.96,113
147.98,125
148,115
148.02,122
148.04,127
148.06,103
148.08,133
148.1,115
148.12,107
148.14,102
148.16,135
148.18,127
148.2,125
148.22,115
148.24,102
148.26,87
148.28,128
148.3,102
148.32,138
148.34,113
148.36,102
148.38,107
148.4,102
148.42,152
148.44,120
148.46,123
148.48,123
148.5,120
148.52,130
148.54,122
148.56,122
148.58,107
148.6,118
148.62,107
148.64,103
148.66,127
148.68,135
148.7,100
148.72,107
148.74,117
148.76,115
148.78,115
148.8,130
148.82,125
148.84,122
148.86,98
148.88,135
148.9,92
148.92,137
148.94,145
148.96,128
148.98,108
149,135
149.02,123
149.04,113
149.06,135
149.08,123
149.1,127
149.12,118
149.14,133
149.16,95
149.18,132
149.2,112
149.22,113
149.24,137
149.26,108
149.28,125
149.3,130
149.32,127
149.34,120
149.36,98
149.38,128
149.4,118
149.42,97
149.44,117
149.46,135
149.48,132
149.5,142
149.52,97
149.54,103
149.56,133
149.58,122
149.6,128
149.62,135
149.64,108
149.66,132
149.68,132
149.7,132
149.72,107
149.74,127
149.76,112
149.78,142
149.8,110
149.82,117
149.84,137
149.86,112
149.88,120
149.9,105
149.92,107
149.94,130
149.96,110
149.98,122
150,103
